H_PSE120mean,H_PSE120std
0,0
0,0
0,0
0,0
0,0
0,0
0,0
0,0
0,0
0,0
0,0
0,0
0,0
0,0
0,0
0,0
0,0
0,0
0,0
0,0
0,0
0,0
0,0
0,0
0,0
0,0
0,0
0,0
0,0
0,0
0,0
0,0
0,0
0,0
0,0
0,0
0,0
0,0
0,0
0,0
0,0
0,0
0,0
0,0
0,0
0,0
0,0
0,0
0,0
0,0
0,0
0,0
0,0
0,0
0,0
0,0
0,0
0,0
0,0
0,0
0,0
0,0
0,0
0,0
0,0
0,0
0,0
0,0
0,0
0,0
0,0
0,0
0,0
0,0
0,0
0,0
0,0
0,0
0,0
0,0
0,0
0,0
0,0
0,0
0,0
0,0
0,0
0,0
0,0
0,0
0,0
0,0
0,0
0,0
0,0
0,0
0,0
0,0
0,0
0,0
0,0
0,0
0,0
0,0
0,0
0,0
0,0
0,0
0,0
0,0
0,0
0,0
0,0
0,0
0,0
0,0
0,0
0,0
0,0
0,0
1.529,0.66131
1.4818,0.57482
1.459,0.49498
1.4309,0.47817
1.4394,0.47965
1.4874,0.49152
1.539,0.5043
1.5738,0.51173
1.5675,0.51886
1.5554,0.54613
1.5114,0.5072
1.3885,0.60298
1.2979,0.65845
1.2826,0.67957
1.2075,0.62053
1.1788,0.60559
1.1954,0.5929
1.2294,0.56574
1.3211,0.56334
1.3492,0.55382
1.3754,0.64109
1.4455,0.84995
1.3761,0.70195
1.3679,0.66776
1.3614,0.66475
1.3478,0.67256
1.3147,0.70937
1.3151,0.66713
1.2688,0.62297
1.3301,0.68127
1.3772,0.64943
1.332,0.60046
1.2622,0.6545
1.2312,0.6605
1.1772,0.59634
1.1218,0.56856
1.1398,0.5897
1.1635,0.54629
1.1763,0.59384
1.1817,0.7223
1.2398,0.8329
1.2563,0.88549
1.2197,0.88313
1.2281,0.99388
1.1331,0.88807
1.11,0.81927
1.1358,0.64602
1.0505,0.94864
1.1544,0.86462
1.2054,0.87188
1.2626,0.9117
1.2095,0.91989
1.1413,0.90915
1.0942,0.96848
1.0966,1.023
1.1109,1.0338
1.1503,1.0088
1.1317,0.93857
1.1621,0.89877
1.2093,0.88634
1.2972,0.92643
1.2302,0.85279
1.1802,0.79099
1.1516,0.75719
1.1324,0.71511
1.1484,0.65228
1.1846,0.62841
1.2444,0.65322
1.2583,0.56473
1.2671,0.59282
1.2767,0.57227
1.2998,0.62493
1.3042,0.5857
1.3435,0.63433
1.3539,0.7014
1.3861,0.73656
1.3747,0.64827
1.3138,0.4878
1.3443,0.44834
1.3195,0.42713
1.2647,0.3412
1.242,0.37853
1.2495,0.47221
1.2911,0.57725
1.3615,0.58957
1.3522,0.50843
1.4074,0.5538
1.4194,0.50542
1.4557,0.52996
1.4932,0.56595
1.4488,0.52118
1.4875,0.62506
1.5582,0.62573
1.5958,0.70791
1.6071,0.71563
1.5924,0.74862
1.5543,0.75621
1.5445,0.79631
1.5552,0.87676
1.4196,0.92378
1.4132,0.85756
1.4893,0.85125
1.6246,0.94069
1.6122,0.87192
1.5954,0.79747
1.593,0.75265
1.6509,0.76615
1.6196,0.75257
1.6074,0.77817
1.6026,0.79558
1.5798,0.79199
1.5719,0.79798
1.5626,0.77074
1.5689,0.75954
1.6375,0.84139
1.5601,0.6847
1.531,0.65019
1.4628,0.677
1.4145,0.7554
1.3987,0.82075
1.4269,0.83667
1.4272,0.72245
1.4737,0.65137
1.5667,0.60521
1.5979,0.63485
1.5828,0.62922
1.5396,0.57094
1.4703,0.59465
1.4175,0.64027
1.3664,0.67896
1.3314,0.7141
1.3255,0.79074
1.3266,0.85109
1.3463,0.96577
1.1976,0.97143
1.1789,0.72294
1.2326,0.63118
1.2575,0.61348
1.3024,0.69504
1.3569,0.78386
1.3282,0.76278
1.2854,0.75789
1.2817,0.74351
1.3659,0.81228
1.3316,0.73011
1.236,0.75449
1.1504,0.79197
1.1045,0.81507
1.0728,0.87007
1.1594,0.85533
1.2814,0.80862
1.3151,0.75966
1.2865,0.66123
1.2796,0.71416
1.2285,0.87309
1.2182,0.9065
1.3657,0.83496
1.5049,0.85189
1.4223,0.74085
1.4022,0.68509
1.3955,0.63583
1.4325,0.62326
1.4896,0.63543
1.5084,0.66735
1.4853,0.64642
1.5228,0.67643
1.6377,0.76534
1.5454,0.76532
1.4531,0.76048
1.3999,0.80701
1.3704,0.77028
1.3269,0.75088
1.3922,0.82272
1.4387,0.79967
1.4834,0.79171
1.4136,0.80673
1.4279,0.9363
1.3329,0.89235
1.2737,0.94054
1.1575,0.92009
1.1152,0.88116
1.0972,0.81091
1.0234,0.91469
1.0292,0.92532
1.0791,0.92787
1.1493,0.9896
1.1476,0.91917
1.198,0.94104
1.2769,1.0054
1.2465,1.0024
1.1594,0.87192
1.1162,0.88013
1.0054,0.80656
0.96108,0.80664
0.90744,0.79658
0.91809,0.92371
0.90558,0.84034
0.92186,0.84005
0.92693,0.95256
0.91729,1.0369
0.9683,1.1537
0.96306,1.1468
0.87889,1.0783
0.85399,1.1332
0.80915,1.2009
0.77257,1.2614
0.76056,1.258
0.77333,1.2432
0.83783,1.2903
0.89771,1.3137
0.90474,1.3926
0.97696,1.3753
1.1556,1.2739
1.1173,1.136
1.0852,1.0621
1.0882,1.115
1.0252,1.0795
1.0025,1.0679
0.94407,1.0794
0.86826,1.0351
0.83747,1.0247
0.83876,1.0942
0.84979,1.0846
0.8806,1.0865
0.85332,1.0892
0.84408,1.0721
0.85126,0.9896
0.88205,0.92391
0.89455,0.9287
0.95837,0.92345
1.0442,0.94842
1.1036,0.96689
1.1626,1.0263
1.2136,1.0762
1.0794,0.92553
1.0179,0.94068
0.95687,0.92578
0.95717,0.92317
0.98992,0.90594
1.0408,0.92699
1.0597,0.94501
1.0768,0.96592
1.1441,1.0555
1.2143,1.1669
1.1519,1.1655
1.0981,1.1206
1.0757,1.0834
1.0877,1.1078
1.1246,1.1027
1.0211,0.96232
1.063,0.93194
1.0896,0.90468
1.1134,0.90282
1.1613,0.93725
1.143,0.95399
1.1094,0.9726
1.1275,1.027
1.0294,0.99063
1.0325,1.0581
0.98249,0.91531
0.9545,0.90037
0.93226,0.91746
0.93736,0.96755
1.0003,0.95151
1.0429,0.93473
1.1305,0.89054
1.2106,0.85884
1.2382,0.84163
1.2193,0.7989
1.1967,0.79668
1.1741,0.76657
1.1672,0.74105
1.1487,0.71817
1.1433,0.71593
1.1729,0.75141
1.2374,0.79632
1.3854,0.89095
1.4388,0.88803
1.4498,0.87139
1.4429,0.84249
1.4289,0.85064
1.3435,0.71985
1.3284,0.61221
1.3306,0.63648
1.3446,0.66334
1.3723,0.69522
1.4036,0.70546
1.4091,0.66823
1.3846,0.63817
1.3744,0.63437
1.3384,0.69628
1.2236,0.54915
1.164,0.5018
1.1519,0.53015
1.1538,0.56493
1.1818,0.63204
1.1308,0.66094
1.1504,0.77301
1.1801,0.68351
1.2322,0.66635
1.3113,0.59006
1.3637,0.52091
1.3593,0.51445
1.3341,0.5128
1.405,0.64119
1.4058,0.63983
1.4113,0.60468
1.5605,0.71147
1.4571,0.68479
1.4523,0.65481
1.4497,0.64964
1.4873,0.78004
1.4191,0.78999
1.3361,0.85689
1.2756,0.92437
1.1959,0.87588
1.1576,0.90262
1.1047,0.88566
1.0947,0.88895
1.0444,0.96353
1.0204,1.0022
0.99073,0.99644
1.0442,0.98269
1.1723,0.90194
1.2103,0.80299
1.263,0.82617
1.3192,0.8406
1.3846,0.89753
1.2775,0.83933
1.193,0.79977
1.1517,0.78923
1.1216,0.80492
1.1267,0.84837
1.2011,0.77372
1.2107,0.67598
1.1919,0.67665
1.2068,0.72826
1.2338,0.77877
1.2256,0.8235
1.1642,0.78135
1.0133,0.73744
0.89723,0.75815
0.85218,0.79702
0.85468,0.80294
0.88698,0.77589
0.90246,0.69747
0.95574,0.64451
0.98555,0.60062
1.0013,0.6276
0.97264,0.60127
0.98945,0.72835
0.9554,0.79351
0.94754,0.8562
0.92909,0.87614
0.99616,1.0297
0.90826,0.96257
0.7623,0.86236
0.78077,0.93435
0.72236,0.78758
0.74785,0.77597
0.65286,0.90237
0.68329,0.9754
0.78532,0.95625
0.8034,0.9249
0.84701,0.98081
0.8287,0.99205
0.72338,0.86416
0.68051,0.84359
0.64001,0.82758
0.62465,0.73756
0.6362,0.72053
0.68193,0.72425
0.65054,0.84257
0.75257,0.88411
0.82638,0.95483
0.83444,0.92217
0.84263,0.80779
0.91778,0.76803
0.95423,0.70405
0.96871,0.71112
1.055,0.70073
1.0608,0.67725
1.075,0.64367
1.1043,0.64227
1.1622,0.73201
1.1843,0.82864
1.1258,0.81889
1.0657,0.76674
1.0716,0.76855
1.0917,0.813
1.0414,0.80055
1.0458,0.86319
0.94946,0.78885
0.90659,0.75446
0.93442,0.87756
0.94723,0.94995
0.92319,0.83286
0.95491,0.78938
0.92305,0.76159
0.9711,0.73876
1.1011,0.81354
1.2207,0.83794
1.2084,0.76256
1.1892,0.74143
1.2338,0.80187
1.2759,0.80235
1.2201,0.64335
1.1221,0.478
1.0815,0.42663
1.0609,0.47087
1.0397,0.52858
1.0219,0.59217
0.99995,0.60814
0.95233,0.67365
0.96062,0.76624
0.94452,0.72929
1.053,0.76878
0.93895,0.71411
0.94503,0.7124
0.93843,0.70904
0.9713,0.70634
1.0414,0.71544
1.0514,0.68238
1.0148,0.71864
1.0097,0.78049
1.029,0.82894
1.0047,0.79652
1.0308,0.76014
0.97941,0.69258
0.94376,0.65257
0.96569,0.67623
1.0377,0.72461
1.141,0.88334
1.2268,0.98408
1.1641,0.9056
1.1452,0.91294
1.1302,0.92677
1.1404,0.99031
1.0934,1.0478
0.99633,0.97832
0.93636,1.0097
0.74533,1.237
0.68727,1.0578
0.68499,0.94801
0.72305,0.92452
0.72741,0.94815
0.71998,0.93997
0.80228,0.94973
0.92465,1.0506
0.99188,1.0438
0.95065,0.97355
0.88309,0.92697
0.87128,0.94696
0.85451,0.98704
0.80094,1.1137
0.69649,1.3289
0.94845,1.3364
0.95734,1.1994
0.96896,1.1029
1.0124,1.066
0.93538,0.94909
0.83145,0.83724
0.82663,0.7536
0.96459,0.63292
1.0684,0.57288
1.1974,0.57577
1.2535,0.60823
1.2853,0.64235
1.3665,0.72246
1.3755,0.63375
1.3208,0.61731
1.3396,0.66799
1.3378,0.65967
1.3532,0.67488
1.3568,0.67117
1.3482,0.6029
1.406,0.54264
1.467,0.56669
1.4454,0.71039
1.4211,0.6964
1.3711,0.69386
1.3678,0.76591
1.4187,0.84954
1.4187,0.92984
1.3997,1.0217
1.5207,0.87834
1.5448,0.78457
1.6466,0.92459
1.5455,0.74969
1.5454,0.79885
1.4356,0.78052
1.3671,0.79921
1.3667,0.84314
1.3596,0.7896
1.342,0.72727
1.3575,0.73892
1.3841,0.74723
1.4226,0.71302
1.5425,0.75291
1.6082,0.82103
1.5758,0.83087
1.5114,0.92259
1.5319,1.0412
1.6091,1.0818
1.6029,1.0901
1.5817,1.0451
1.6132,0.96459
1.6025,0.88754
1.5897,0.82875
1.5576,0.72877
1.508,0.63978
1.5141,0.60465
1.5015,0.49335
1.4945,0.42962
1.4917,0.45837
1.4952,0.52451
1.4443,0.59234
1.3821,0.62585
1.3931,0.66481
1.4643,0.70029
1.4716,0.69197
1.467,0.80145
1.3666,0.70222
1.3211,0.6721
1.2663,0.60175
1.2132,0.56584
1.1214,0.58848
0.99984,0.57006
0.93192,0.60268
0.9744,0.7006
1.1348,0.94933
1.2349,0.91667
1.2264,0.88382
1.2463,0.87546
1.2106,0.88216
1.1617,0.87473
1.1245,0.89202
1.0644,0.912
1.0523,0.98194
1.0577,1.1164
1.101,1.1628
1.2059,1.0618
1.2661,1.0035
1.3087,0.93555
1.2866,0.85775
1.278,0.80223
1.1763,0.67916
1.1697,0.65466
1.1086,0.62008
1.0962,0.60267
1.158,0.65648
1.2165,0.76479
1.2589,0.79007
1.2964,0.79591
1.2795,0.74171
1.2232,0.72443
1.2067,0.70612
1.1868,0.72797
1.1663,0.74134
1.1208,0.70675
1.1017,0.65689
1.0521,0.63727
1.0218,0.68946
0.99874,0.70643
0.96711,0.71604
0.9578,0.81716
0.99611,0.80632
1.0604,0.80354
1.1172,0.81625
1.1681,0.769
1.3159,0.84686
1.2301,0.78686
1.227,0.87995
1.247,0.90742
1.2543,0.94898
1.246,1.0337
1.1821,1.247
1.3023,0.96274
1.3544,0.89517
1.4052,0.87818
1.424,0.8043
1.4168,0.75339
1.348,0.70881
1.3365,0.75677
1.3527,0.85218
1.2941,0.78724
1.2613,0.70668
1.2459,0.66983
1.3032,0.74789
1.2999,0.7268
1.3158,0.72741
1.379,0.75066
1.3226,0.81193
1.2172,0.69975
1.206,0.66895
1.2117,0.64515
1.181,0.6038
1.1127,0.59425
1.1661,0.65487
1.2124,0.74389
1.3156,0.79047
1.2892,0.66828
1.3237,0.73429
1.3492,0.77598
1.3012,0.7093
1.2913,0.71714
1.2181,0.67415
1.1769,0.76105
1.1043,0.72304
1.074,0.68116
1.0875,0.66615
1.0793,0.61594
1.1181,0.62711
1.2242,0.61771
1.3215,0.60775
1.2955,0.52369
1.3116,0.59568
1.3163,0.71787
1.2169,0.62781
1.1695,0.59353
1.1486,0.59906
1.1261,0.68046
1.1461,0.82449
1.0924,0.78683
1.1137,0.7996
1.1084,0.8353
1.0747,0.846
1.0742,0.82692
1.088,0.82016
1.0722,0.8319
1.0801,0.95789
1.0093,0.88442
1.0028,0.89643
1.0099,0.91802
1.0577,0.87603
1.2601,0.96344
1.2859,1.0091
1.3102,1.0518
1.3966,1.1243
1.4371,1.1038
1.434,1.0858
1.4342,1.1159
1.4411,1.0631
1.357,1.1384
1.3426,1.1691
1.3219,1.1894
1.2766,1.1893
1.2935,1.1856
1.1768,1.0941
1.1174,1.087
1.0204,1.0638
1.0669,1.0883
1.1597,1.1197
1.1841,1.1233
1.2416,1.1166
1.2511,1.0647
1.2891,1.0826
1.2764,1.0397
1.3035,1.0382
1.2909,0.95095
1.3357,0.88848
1.3184,0.91988
1.3065,0.91938
1.3342,0.94397
1.3998,0.97066
1.4423,1.0382
1.3769,1.0398
1.2719,0.93222
1.2384,0.92654
1.1616,0.88722
1.1059,0.8565
1.0776,0.88628
1.1562,0.90941
1.2163,0.86019
1.229,0.75055
1.2964,0.6842
1.3986,0.79392
1.3213,0.65218
1.3379,0.61959
1.346,0.60122
1.3454,0.58537
1.3325,0.6069
1.3523,0.64894
1.4248,0.77156
1.293,0.86144
1.3705,0.78347
1.3294,0.72642
1.3755,0.73044
1.3669,0.67539
1.3421,0.59891
1.3768,0.63681
1.3184,0.67156
1.2246,0.69501
1.1857,0.77684
1.1726,0.78961
1.2627,0.84828
1.2468,0.81461
1.27,0.84548
1.3436,0.90411
1.3888,0.88925
1.4144,0.90377
1.4827,0.95335
1.4771,0.92421
1.4076,0.83152
1.3582,0.71872
1.3353,0.65076
1.2282,0.63681
1.2212,0.72967
1.2556,0.75468
1.2655,0.76004
1.3164,0.75277
1.4079,0.73746
1.5,0.72122
1.4947,0.77331
1.4848,0.83335
1.3376,0.7501
1.2103,0.73677
1.1745,0.73526
1.1964,0.66786
1.2321,0.63253
1.3454,0.78945
1.3005,0.98658
1.3577,1.046
1.4723,1.0108
1.5282,1.0367
1.4845,0.9183
1.3838,0.89715
1.3782,0.91307
1.4021,0.92056
1.4767,0.82105
1.5361,0.78775
1.6317,0.78428
1.6521,0.74081
1.7201,0.70632
1.6237,0.73419
1.5346,0.75875
1.4757,0.79608
1.4144,0.86863
1.3243,0.87319
1.2858,0.89351
1.2781,0.75329
1.3049,0.66236
1.3398,0.60988
1.3775,0.47107
1.3398,0.5791
1.3118,0.71382
1.2994,0.62781
1.3512,0.57354
1.4081,0.55497
1.4949,0.61206
1.4813,0.55511
1.5015,0.63026
1.5372,0.64879
1.5128,0.66362
1.5097,0.7192
1.4164,0.65247
1.3305,0.6034
1.2842,0.56536
1.2514,0.48029
1.2327,0.4278
1.2529,0.464
1.2724,0.50805
1.3078,0.56722
1.3328,0.66594
1.3405,0.66157
1.304,0.54496
1.2345,0.46254
1.1921,0.44422
1.1901,0.4563
1.2414,0.52692
1.3234,0.63161
1.3656,0.66328
1.4571,0.76114
1.4737,0.6207
1.4179,0.65537
1.2889,0.60001
1.2258,0.58803
1.1997,0.61182
1.2147,0.64064
1.244,0.68532
1.2467,0.71001
1.3007,0.72481
1.3408,0.72683
1.3638,0.73998
1.3958,0.73271
1.4335,0.76147
1.3231,0.63616
1.3212,0.62166
1.3709,0.64849
1.4021,0.6793
1.462,0.73333
1.5086,0.75102
1.5759,0.79548
1.5802,0.74343
1.5679,0.70721
1.4768,0.70472
1.3305,0.66117
1.3369,0.79443
1.1823,0.66219
1.1595,0.73759
1.1436,0.68694
1.1796,0.6715
1.2628,0.67672
1.2603,0.55931
1.2843,0.55474
1.3159,0.59573
1.2869,0.67737
1.1928,0.70721
1.1822,0.8439
1.2294,0.78974
1.2042,0.7417
1.2418,0.75041
1.2464,0.71787
1.1567,0.70447
1.0547,0.67669
1.0085,0.6998
1.0058,0.73399
0.98716,0.81679
1.008,0.73219
0.98282,0.68483
0.98261,0.68993
0.96353,0.71095
0.8943,0.69178
0.84377,0.67785
0.8394,0.662
0.86868,0.64822
0.94468,0.7633
0.96664,0.79484
0.91786,0.76942
0.88921,0.82469
0.83154,0.85011
0.82302,0.90327
0.8414,0.79727
0.891,0.70489
1.0114,0.64578
1.1175,0.64935
1.0893,0.57104
1.0772,0.52847
1.1734,0.63834
1.1272,0.51196
1.0862,0.47153
1.0723,0.51246
1.0305,0.63308
0.89786,0.68208
0.89345,0.60781
0.87096,0.53935
0.93468,0.52307
1.0161,0.52724
1.0603,0.5297
1.1064,0.61787
1.1767,0.6244
1.2437,0.59343
1.3799,0.74117
1.3868,0.67253
1.2893,0.57812
1.3134,0.59318
1.2876,0.56355
1.3221,0.5802
1.2084,0.47409
1.2463,0.53821
1.2952,0.64814
1.3016,0.58453
1.3032,0.52496
1.3068,0.55855
1.2723,0.63599
1.1536,0.52872
1.1402,0.58048
1.174,0.68232
1.0261,0.72389
0.95329,0.80341
0.9637,0.89631
1.0212,1.0267
1.0054,0.95446
1.0889,1.0109
1.0993,0.93269
1.0622,0.89468
1.0488,0.89387
1.0626,0.86992
1.0624,0.82688
1.1272,0.84807
1.2385,0.91535
1.359,0.99236
1.3772,0.92978
1.3489,0.93341
1.3911,0.92827
1.275,0.72521
1.1958,0.63999
1.1431,0.62637
1.1408,0.6532
1.1921,0.71569
1.2323,0.71889
1.3383,0.74903
1.402,0.78405
1.4385,0.81085
1.3555,0.81273
1.2637,0.82038
1.1888,0.77214
1.1471,0.71854
1.1314,0.64688
1.1649,0.58589
1.2105,0.55984
1.2499,0.5774
1.2425,0.59865
1.278,0.62951
1.2304,0.67267
1.1738,0.73694
1.1033,0.76856
1.053,0.8291
1.0223,0.91917
1.0244,0.98063
1.0586,0.97488
1.1179,0.98408
1.1642,1.0679
1.1007,1.1846
0.9354,1.2976
0.82153,1.1177
0.75592,1.0493
0.73103,0.93947
0.69161,0.91339
0.70859,0.99258
0.70887,1.0386
0.73736,1.0947
0.80971,1.1741
0.88118,1.2873
0.85799,1.26
0.76998,1.105
0.75105,1.132
0.67693,1.0665
0.71187,1.05
0.67784,1.0396
0.62475,1.029
0.67257,1.0119
0.77854,1.0614
0.87217,1.1324
0.93152,1.1666
0.97518,1.2478
0.8855,1.2922
0.80705,1.3952
0.69788,1.3695
0.70507,1.3081
0.73755,1.2405
0.86198,1.243
0.87751,1.2564
0.85554,1.2295
0.8552,1.2594
0.93746,1.4087
0.88627,1.2668
0.87927,1.2207
0.9049,1.2067
0.92594,1.1815
0.92879,1.1578
0.9078,1.1491
0.86684,1.1788
0.85478,1.2494
0.86135,1.3004
0.89576,1.3466
0.92388,1.3762
0.8981,1.3584
0.86968,1.2758
0.9353,1.2086
0.96368,1.1784
0.99149,1.1133
0.92583,1.0902
0.92283,1.1333
0.91097,1.2145
0.92961,1.225
0.97497,1.1547
1.0799,1.1826
1.0503,1.1649
1.0666,1.1579
1.1002,1.1782
1.2081,1.2429
1.1476,1.2512
1.1191,1.2456
1.1223,1.2349
1.1437,1.2122
1.1255,1.2099
1.1485,1.1883
1.1231,1.2542
1.1806,1.3606
1.184,1.2893
1.1843,1.2186
1.2409,1.0831
1.2793,0.94134
1.2158,0.84267
1.2021,0.80051
1.184,0.78302
1.1521,0.82747
1.1246,0.84432
1.0583,0.77055
1.0492,0.78029
1.013,0.8013
0.929,0.6921
0.91013,0.66706
0.89969,0.68329
0.94532,0.78233
0.98383,0.87204
0.95086,0.87663
0.93782,0.88354
0.9489,0.87077
0.94595,0.91635
0.95931,0.96477
0.93818,0.87711
0.96,0.8429
0.9736,0.83069
1.0344,0.90263
1.0558,0.96624
1.0426,1.0185
1.0698,1.0826
1.0197,1.1264
0.92966,1.0237
0.94366,0.99516
0.93051,0.90537
0.98086,0.81992
1.0515,0.83748
1.1015,0.83215
1.0947,0.77291
1.081,0.76061
1.0393,0.6331
1.0375,0.54014
0.98079,0.49583
0.92937,0.52101
0.90851,0.55417
0.88304,0.59559
0.87949,0.6637
0.93311,0.77434
0.96954,0.82177
0.90986,0.8263
0.74255,0.80378
0.6524,0.76548
0.65255,0.75167
0.67947,0.76879
0.76609,0.78086
0.81489,0.79385
0.84654,0.85084
1.0032,0.90453
1.0472,0.98229
1.0967,1.1172
1.0358,0.9755
0.99591,0.96733
0.94968,1.0238
0.90628,1.1196
0.86455,1.1335
0.89683,1.036
0.93481,1.0344
0.98215,1.0456
1.0412,1.143
1.0407,1.2367
1.0254,1.3508
1.0626,1.1901
1.0777,1.0948
1.108,1.0576
1.0617,1.089
0.96632,1.066
0.938,1.0357
0.93077,0.99568
0.90392,0.98785
0.88416,1.0183
0.93998,1.0133
1.0603,0.93648
1.2219,0.96489
1.187,0.8604
1.2376,0.83555
1.2616,0.77075
1.2986,0.75969
1.2917,0.80512
1.2905,0.82419
1.2327,0.90825
1.2469,0.88845
1.2785,0.85206
1.3293,0.83239
1.3293,0.80922
1.3188,0.74165
1.3382,0.70418
1.3579,0.69505
1.403,0.75277
1.4875,0.87016
1.3805,0.78587
1.3047,0.78644
1.3158,0.77597
1.3481,0.81559
1.355,0.70045
1.3355,0.61436
1.2987,0.58212
1.2532,0.57335
1.2605,0.63027
1.3056,0.66377
1.2065,0.6272
1.1856,0.65324
1.2151,0.67494
1.2545,0.73057
1.2393,0.71084
1.115,0.72792
1.0818,0.77609
1.1001,0.81369
1.161,0.81021
1.2343,0.86213
1.2557,0.90457
1.2265,0.92403
1.1904,0.84686
1.1996,0.85467
1.1218,0.83753
1.0799,0.85608
1.1014,0.90597
1.1501,0.9985
1.2125,0.92474
1.2511,0.95008
1.2896,0.84715
1.2943,0.82174
1.2761,0.82243
1.3131,0.83555
1.2979,0.82126
1.1999,0.79711
1.1995,0.80342
1.2938,0.86559
1.3183,0.84032
1.3446,0.80163
1.3687,0.79302
1.3129,0.71073
1.3571,0.70349
1.4333,0.78033
1.4553,0.71851
1.5176,0.72561
1.5065,0.69643
1.4296,0.61813
1.385,0.59269
1.3698,0.59682
1.3107,0.61381
1.278,0.64963
1.2873,0.74258
1.309,0.80063
1.329,0.83574
1.3071,0.78852
1.3983,0.81402
1.5488,0.90644
1.5812,0.93604
1.5945,0.95352
1.4585,0.85428
1.3813,0.90399
1.3473,0.91183
1.3396,1.0277
1.3456,1.0374
1.3001,0.88837
1.2703,0.7734
1.3367,0.7346
1.5375,0.82537
1.6698,0.8275
1.4543,0.6975
1.3734,0.70058
1.3278,0.71478
1.2333,0.63553
1.2626,0.72979
1.2012,0.7154
1.2605,0.82411
1.1348,0.75578
1.0652,0.80773
1.0487,0.86485
0.92371,0.77173
0.84488,0.72514
0.83871,0.70777
0.85028,0.70619
0.91277,0.72444
0.99474,0.87704
0.89708,0.96516
0.75047,0.95254
0.60747,0.88226
0.5228,0.88052
0.47507,0.84872
0.47228,0.80854
0.49941,0.82494
0.56746,0.86443
0.70775,0.92684
0.90412,1.0957
0.91402,0.95302
0.89832,0.87661
0.79703,0.81601
0.69926,0.75253
0.61802,0.75513
0.56615,0.81596
0.69539,0.62585
0.83804,0.5196
0.94178,0.55664
1.0397,0.61618
1.0413,0.58562
1.0919,0.60194
1.2155,0.77863
1.1345,0.65397
1.1272,0.64245
1.1329,0.60181
1.1405,0.54182
1.0993,0.55013
1.0761,0.62422
1.1258,0.67569
1.1545,0.67895
1.1719,0.63775
1.1912,0.70678
1.1392,0.67056
1.056,0.56371
1.0372,0.50362
1.1057,0.38617
1.0973,0.37537
1.0549,0.42865
1.0239,0.48182
1.0292,0.49923
1.0649,0.53371
1.0687,0.58626
1.1261,0.6926
1.1282,0.70804
1.1155,0.62967
1.1602,0.62634
1.1376,0.61917
1.0848,0.57676
1.0589,0.5514
1.0891,0.59827
1.0731,0.6046
1.0596,0.57702
1.0868,0.61356
1.1032,0.62779
1.0822,0.71714
1.0711,0.77881
1.0732,0.75045
1.0978,0.79151
1.0608,0.85201
1.074,0.89939
1.1457,0.90517
1.1799,0.83845
1.2284,0.77232
1.3107,0.71721
1.398,0.70699
1.4711,0.70917
1.4715,0.65985
1.4447,0.59991
1.3858,0.55006
1.3548,0.55455
1.3624,0.59997
1.4349,0.70725
1.5099,0.69831
1.5535,0.66189
1.5666,0.64074
1.5654,0.61318
1.565,0.60155
1.5398,0.59733
1.4813,0.54102
1.4481,0.55207
1.4044,0.59128
1.3295,0.64718
1.3392,0.65131
1.3824,0.68448
1.4352,0.70597
1.4918,0.72772
1.5617,0.7935
1.6326,0.85018
1.5365,0.72634
1.4605,0.66386
1.4519,0.68405
1.4176,0.73856
1.4216,0.82965
1.3764,0.84273
1.4108,0.88287
1.4861,0.89704
1.4696,0.8581
1.4509,0.86576
1.4031,0.85161
1.2717,0.75808
1.205,0.74378
1.1619,0.78239
1.1385,0.83349
1.1135,0.80645
1.2341,0.69041
1.2446,0.65021
1.2778,0.64316
1.1792,0.64189
1.1617,0.69596
1.1614,0.71565
1.1858,0.78277
1.1701,0.77754
1.1849,0.79037
1.2009,0.76903
1.3092,0.69357
1.4481,0.69777
1.5033,0.72903
1.5762,0.77495
1.4791,0.7454
1.3976,0.72823
1.3259,0.72994
1.277,0.76799
1.2665,0.81032
1.2757,0.83504
1.3135,0.81166
1.4148,0.81348
1.4691,0.87771
1.4965,0.92905
1.5376,0.93526
1.5136,0.8292
1.5278,0.78073
1.5969,0.82352
1.4551,0.64511
1.3606,0.57998
1.3123,0.59791
1.3304,0.71265
1.3315,0.71117
1.3713,0.71796
1.426,0.73259
1.487,0.70567
1.468,0.62679
1.4273,0.55004
1.3544,0.53632
1.296,0.58512
1.2604,0.6552
1.2548,0.73507
1.2635,0.77086
1.1454,0.80351
0.9511,0.96816
0.98273,0.7767
0.9931,0.80125
0.98155,0.85631
0.88566,0.69698
0.80982,0.59822
0.73661,0.55637
0.65248,0.64575
0.71655,0.6775
0.68133,0.6517
0.53735,0.79538
0.51749,0.91345
0.61274,0.87407
0.68406,0.88059
0.84843,1.0162
0.83486,0.81166
0.86893,0.71402
0.91612,0.63906
1.0822,0.69892
1.1742,0.72084
1.1238,0.74097
1.1001,0.75782
1.1573,0.71231
1.1787,0.68291
1.1769,0.66397
1.1713,0.68069
1.1618,0.66177
1.158,0.64812
1.2298,0.69055
1.2961,0.74612
1.23,0.67016
1.2733,0.71508
1.273,0.63336
1.2964,0.67832
1.3448,0.74823
1.3034,0.67694
1.3547,0.82889
1.2513,0.70587
1.245,0.73031
1.2864,0.8204
1.2229,0.82259
1.2215,0.88035
1.2084,0.87369
1.1387,0.81248
1.0679,0.80619
0.98754,0.74373
0.97676,0.72508
1.0111,0.73461
1.0932,0.75838
1.202,0.85371
1.226,0.91563
1.2058,0.95786
1.1322,0.97011
1.0399,0.92645
0.97831,0.91425
0.95722,0.87075
0.94206,0.86406
0.90368,0.93448
0.90336,1.12
0.80979,1.3016
0.90271,1.2828
1.0138,1.282
1.0709,1.2556
1.0684,1.2344
0.93889,1.0477
0.87224,0.93036
0.79214,0.85577
0.74722,0.83134
0.76402,0.8506
0.78779,0.88968
0.76934,0.90506
0.87125,0.95256
0.92026,0.9003
1.002,0.93708
1.0059,0.78827
0.97177,0.72016
1.0192,0.74459
1.0689,0.77369
1.0878,0.74755
1.1469,0.83677
1.1251,0.78992
1.1383,0.73671
1.168,0.697
1.2328,0.65545
1.1868,0.69956
1.1393,0.87195
1.0977,0.88865
1.092,0.82303
1.0671,0.79196
1.1308,0.74766
1.1173,0.83754
1.0444,0.77279
1.0172,0.74297
1.0465,0.71942
1.007,0.71282
0.98917,0.67003
1.0393,0.64102
1.1091,0.64969
1.1701,0.70531
1.2112,0.73831
1.2623,0.76539
1.2942,0.79487
1.2009,0.73246
1.1819,0.76322
1.2039,0.86399
1.2163,0.94065
1.2286,0.95952
1.2399,1.0418
1.2971,1.2208
1.3145,1.2529
1.2914,1.2881
1.2355,1.3014
1.1606,1.205
1.1928,1.1655
1.2754,1.1673
1.2741,1.2128
1.1901,1.1142
1.2177,1.0526
1.2629,0.94197
1.3062,0.97897
1.2902,0.9796
1.2612,0.83322
1.2434,0.7563
1.2364,0.76169
1.2502,0.78965
1.1991,0.76447
1.1622,0.7711
1.1302,0.77163
1.1586,0.78882
1.2222,0.80685
1.2858,0.83629
1.3428,0.84942
1.3693,0.77788
1.3949,0.67336
1.2655,0.69268
1.1588,0.72793
1.0379,0.84545
1.0148,0.83349
1.012,0.85453
1.0122,0.85049
1.0262,0.82299
1.0275,0.77225
1.0415,0.76054
1.0678,0.82274
1.0424,0.8208
1.0269,0.80997
1.0577,0.81626
1.111,0.82165
1.1071,0.83032
1.1316,0.87354
1.1545,0.86297
1.1717,0.85847
1.2067,0.88637
1.2507,0.95382
1.136,0.78178
1.0754,0.72568
1.0831,0.73106
1.116,0.76294
1.1953,0.86443
1.1808,0.829
1.1164,0.76737
1.0853,0.75504
1.0914,0.77986
1.1285,0.80727
1.1085,0.7606
1.0837,0.71277
1.0872,0.70165
1.1056,0.73758
1.1293,0.77122
1.1649,0.84417
1.1243,0.81404
1.0858,0.78173
1.0744,0.767
1.067,0.76936
1.0054,0.76951
1.0052,0.8363
0.93472,0.84509
0.89333,0.88399
0.8693,0.92316
0.79901,0.95144
0.74907,0.99251
0.71151,1.0184
0.70554,0.99871
0.67109,0.97548
0.63336,0.98958
0.64684,1.054
0.65764,1.0587
0.72335,1.028
0.65508,0.98497
0.64386,0.9633
0.67091,0.96629
0.70169,1.0084
0.69376,0.88071
0.72774,0.82465
0.77403,0.74568
0.79093,0.7178
0.82925,0.74069
0.81519,0.78413
0.75354,0.73348
0.74728,0.78795
0.74607,0.81945
0.77886,0.89827
0.82513,0.94161
0.82107,0.80564
0.8474,0.7353
0.82978,0.67494
0.81399,0.70943
0.83233,0.79881
0.81929,0.78156
0.86688,0.90402
0.93963,1.0981
0.81553,0.94576
0.76478,0.93639
0.7468,1.0152
0.77747,1.1698
0.82386,1.2096
0.81177,1.1925
0.7559,1.0555
0.76755,1.0895
0.70969,1.0375
0.73049,1.0485
0.76229,0.96796
0.80661,0.90682
0.80558,0.89526
0.81364,0.95559
0.78458,1.0094
0.74839,0.99788
0.71735,1.0573
0.72109,1.1682
0.69473,1.2641
0.67448,1.4222
0.63714,1.327
0.6362,1.2013
0.65367,1.2018
0.66575,1.2357
0.67432,1.1805
0.70294,1.2114
0.75248,1.2027
0.84361,1.1417
0.96437,1.0732
1.1246,1.1474
1.0375,0.99977
0.93986,0.9446
0.94691,0.95936
0.94333,0.97534
0.96237,0.99754
0.92184,0.94191
0.90314,0.88763
0.93129,0.89434
0.92257,0.92372
0.93201,0.98207
0.93709,1.0093
0.95506,0.9948
1.0221,1.0009
0.94592,0.96928
0.87404,0.99588
0.85045,1.0489
0.81469,0.97502
0.82505,0.89179
0.83036,0.83607
0.84569,0.78352
0.85665,0.7362
0.87074,0.68768
0.8818,0.68037
0.90221,0.71363
0.89206,0.8404
0.93731,0.9068
0.9396,0.95765
0.87187,0.92846
0.80948,0.92996
0.79298,1.0488
0.91858,1.1522
0.97595,0.98586
1.0131,0.86466
1.0239,0.78032
1.0539,0.84101
1.1526,0.94055
1.1315,0.86642
1.1475,0.88802
1.1221,0.88351
1.0328,0.84373
0.97279,0.8216
0.9414,0.80303
0.95637,0.82586
0.96546,0.84036
0.97181,0.86133
0.97567,0.89192
0.96967,0.9395
0.87959,0.85022
0.80121,0.85049
0.81114,1.0312
0.6895,0.94015
0.68299,0.89142
0.73104,0.87288
0.82705,0.89973
0.95041,0.92421
1.024,0.95211
0.98346,0.84084
1.0236,0.81129
0.9652,0.72703
0.93796,0.68322
0.92527,0.69813
0.87946,0.70073
0.84726,0.68379
0.84514,0.67484
0.90108,0.71423
0.9163,0.7637
0.89185,0.68294
0.92271,0.68661
0.9048,0.61842
0.94386,0.61873
1.0756,0.75068
1.0943,0.80873
1.1343,0.80491
1.1428,0.72138
1.1031,0.68782
1.1199,0.72552
1.1048,0.70542
1.1613,0.75376
1.1463,0.73367
1.155,0.71665
1.2131,0.78294
1.1748,0.74915
1.2003,0.78668
1.3061,0.90505
1.2915,0.98407
1.2507,1.0452
1.1632,1.0096
1.1285,1.0237
1.1149,1.0467
1.1427,0.99688
1.1134,0.86739
1.128,0.79483
1.1199,0.74488
1.1247,0.75505
1.1937,0.80981
1.1825,0.78883
1.1988,0.74901
1.0929,0.71003
1.0298,0.71057
1.0293,0.73754
1.0748,0.80281
1.1126,0.87416
1.116,0.88653
1.1404,0.89752
1.161,0.86724
1.1111,0.78399
1.0695,0.71921
1.0394,0.66612
1.0213,0.63722
1.0149,0.63
0.98267,0.68751
1.0675,0.70183
1.0635,0.64717
1.0892,0.69302
1.0166,0.65212
0.96949,0.64833
0.99884,0.70973
0.9689,0.68605
0.91955,0.63484
0.9813,0.64036
1.0203,0.67539
1.0611,0.76466
1.0457,0.9068
0.91695,0.96556
0.86119,0.94183
0.79182,0.9167
0.80675,0.89445
0.82797,0.87244
0.81814,0.86969
0.76027,0.9008
0.78411,0.92864
0.87855,0.9515
0.95313,0.98248
0.94331,0.84725
0.97851,0.88079
0.91625,0.81039
0.89281,0.80918
0.90674,0.84918
0.96246,0.91415
1.0536,1.0182
1.0337,0.90064
1.0481,0.8526
1.0743,0.81955
1.1575,0.82958
1.1457,0.82488
1.0843,0.82301
0.97369,0.75134
0.9171,0.75045
0.90216,0.77296
0.91272,0.8157
0.95026,0.83526
1.0203,0.86722
1.0769,0.89099
1.1064,0.88215
1.0675,0.86666
1.0274,0.88272
0.93808,0.80622
0.91354,0.80473
0.9352,0.80755
0.98588,0.81946
1.0536,0.84141
1.1066,0.89255
1.1988,0.94718
1.2534,0.92631
1.221,0.80306
1.1958,0.77463
1.1188,0.72647
1.0793,0.77616
0.97669,0.80023
0.96353,0.94379
1.0093,0.98913
1.0569,0.82553
1.0613,0.73974
1.1551,0.7564
1.1653,0.86762
1.1172,0.93997
0.99253,0.91634
0.88175,0.8788
0.83117,0.87759
0.9179,0.71674
0.96907,0.61371
1.067,0.67313
1.0911,0.74991
1.1128,0.77889
1.1599,0.80529
1.2413,0.82677
1.3104,0.89532
1.3244,0.91276
1.2605,0.85847
1.27,0.86049
1.2783,0.85891
1.3322,0.90432
1.3833,0.96418
1.3715,0.95912
1.2666,0.91364
1.2506,0.97553
1.2623,1.0397
1.2337,1.0358
1.2379,1.0479
1.2383,1.0644
1.1962,1.0444
1.184,1.0096
1.1564,0.89714
1.1541,0.86615
1.1248,0.8109
1.1532,0.82873
1.1498,0.86558
1.11,0.85401
1.0099,0.73885
1.0483,0.72975
1.0711,0.76568
1.0807,0.78254
1.0362,0.83165
1.0387,0.91615
1.0028,0.9168
1.0071,0.94153
0.97125,0.93112
1.0379,0.85168
1.1002,0.87455
1.0253,0.83202
1.0414,0.85214
1.053,0.78544
1.0484,0.72581
0.95366,0.73585
0.89247,0.76834
0.94108,0.87325
0.92673,0.91906
0.97339,0.94681
1.0038,1.0248
1.0097,0.99701
1.0132,0.99173
1.0102,0.96865
1.0759,1.0252
1.0944,1.0182
1.0518,0.92232
1.0459,0.90685
1.0947,0.91922
1.1291,0.88091
1.1714,0.89669
1.1562,0.92259
1.1526,0.94067
1.236,1.1044
1.0655,1.021
0.9936,0.92042
0.96658,0.85829
0.99043,0.82146
1.0348,0.88734
1.2528,0.79782
1.3567,0.71483
1.2966,0.69528
1.2813,0.69046
1.2928,0.69298
1.2444,0.70655
1.1885,0.7484
1.1041,0.74027
1.0824,0.80105
1.1186,0.74303
1.2207,0.7438
1.3709,0.70929
1.4263,0.60767
1.3586,0.49791
1.3533,0.52107
1.4367,0.60406
1.4356,0.56896
1.4208,0.62405
1.2651,0.55131
1.1944,0.57115
1.2046,0.6416
1.2332,0.64918
1.2961,0.65516
1.2971,0.55573
1.2891,0.57964
1.3057,0.61842
1.3618,0.68559
1.2944,0.69452
1.2909,0.75071
1.2926,0.79647
1.2809,0.72939
1.2835,0.69618
1.317,0.72034
1.3303,0.69219
1.3121,0.64488
1.3179,0.6221
1.2932,0.56635
1.2677,0.50508
1.292,0.54261
1.1996,0.45882
1.2524,0.53651
1.2016,0.4619
1.2064,0.49163
1.2895,0.5674
1.3686,0.49351
1.4383,0.53298
1.4115,0.57685
1.3964,0.6764
1.4198,0.7124
1.3037,0.7344
1.1793,0.71967
1.1299,0.64262
1.0785,0.60989
1.0578,0.69182
1.1082,0.74735
1.0983,0.73269
1.0469,0.77832
1.0222,0.75013
1.0405,0.75149
0.96194,0.61398
0.89221,0.57261
0.86522,0.55452
0.87458,0.57201
0.96315,0.71714
0.97044,0.70792
0.97116,0.7347
0.95868,0.82056
0.93044,0.75883
0.95444,0.79083
0.91504,0.80269
0.88529,0.88137
0.89104,1.1042
1.0027,1.0141
1.0319,0.80622
1.0292,0.70036
1.0531,0.69671
1.0083,0.71712
0.94788,0.72035
0.9321,0.73385
0.89728,0.74049
0.93147,0.76006
1.0051,0.78656
1.1023,0.85662
1.0797,0.77463
1.077,0.71603
1.0632,0.62438
1.05,0.53971
1.051,0.49753
1.0275,0.53154
0.99199,0.61793
0.99187,0.67878
0.99904,0.69473
0.99707,0.66143
1.0069,0.69836
1.0441,0.74184
0.97436,0.67587
0.92509,0.70106
0.9061,0.64333
0.88807,0.70313
0.92677,0.79096
0.99251,0.86672
1.0544,0.85895
1.0414,0.89639
1.1058,0.92308
1.1216,0.99713
1.1847,1.0364
1.3403,1.0773
1.3888,1.0366
1.3462,1.0401
1.3067,0.9773
1.3045,0.90326
1.3005,0.87725
1.3161,0.89004
1.3151,0.81292
1.3256,0.76441
1.3526,0.69667
1.3462,0.66928
1.3241,0.62111
1.2905,0.59348
1.2772,0.60562
1.2783,0.61311
1.278,0.62309
1.3319,0.67519
1.3258,0.66004
1.3774,0.65768
1.4339,0.71921
1.4094,0.63002
1.3958,0.61206
1.3358,0.5997
1.2985,0.56932
1.306,0.55692
1.3054,0.55143
1.3303,0.67107
1.3069,0.78449
1.3602,0.78994
1.3862,0.80159
1.3041,0.71853
1.2304,0.63464
1.1791,0.59866
1.1942,0.63882
1.2382,0.70643
1.2846,0.71985
1.2759,0.7134
1.3083,0.75052
1.3358,0.87138
1.2226,0.91301
1.0876,0.9712
1.023,0.98987
1.0369,1.0229
1.0307,0.9641
1.0504,0.98146
1.0997,0.96767
1.0958,0.93159
1.0451,0.88786
1.0121,0.84181
1.0165,0.81661
1.0151,0.7915
1.0139,0.78035
1.014,0.7229
1.0244,0.66845
1.0505,0.63376
1.0792,0.66851
1.0855,0.75896
1.0315,0.82231
1.0452,0.8801
1.0892,0.85336
1.076,0.78908
1.079,0.79686
1.088,0.84775
1.0161,0.7742
0.95441,0.70386
0.94588,0.68218
0.96738,0.6827
0.88623,0.73477
0.83393,0.85466
0.81062,1.1706
1.0217,0.80559
1.0098,0.71151
1.0323,0.69184
1.0991,0.69401
1.1461,0.68502
1.2047,0.67651
1.2246,0.74373
1.2268,0.72483
1.2259,0.62715
1.2278,0.58165
1.2164,0.58037
1.247,0.62222
1.2484,0.63264
1.2814,0.60303
1.2961,0.57849
1.2633,0.57178
1.2403,0.60095
1.2329,0.61045
1.1442,0.55593
1.098,0.56766
1.0518,0.61022
0.99298,0.63963
0.95875,0.70148
0.94986,0.80563
0.99507,0.99314
1.0515,1.0439
1.0225,0.9032
1.0403,0.86674
1.106,0.84938
1.1579,0.79395
1.2094,0.73471
1.2356,0.74786
1.2044,0.73484
1.177,0.71869
1.1392,0.75154
1.0828,0.77678
1.0044,0.71721
0.95966,0.69998
0.94419,0.69482
0.94199,0.69437
0.94868,0.69303
0.94493,0.74283
0.96833,0.85095
0.96413,0.8028
1.0254,0.79401
1.0446,0.7383
1.0592,0.8004
1.0585,0.84114
1.059,0.8219
1.0925,0.80145
1.1653,0.78824
1.2317,0.72523
1.3044,0.72936
1.3723,0.76801
1.3838,0.75379
1.4319,0.81872
1.4312,0.74611
1.412,0.70632
1.3382,0.64296
1.3047,0.63583
1.284,0.6437
1.3198,0.68159
1.2719,0.60524
1.1968,0.61342
1.1668,0.61964
1.1615,0.61274
1.1341,0.61865
1.169,0.65642
1.2052,0.6623
1.1817,0.61049
1.1318,0.57957
1.1339,0.54876
1.1496,0.53493
1.15,0.54189
1.0989,0.57875
1.1547,0.53702
1.1724,0.51619
1.2305,0.60504
1.2311,0.75396
1.2398,0.82567
1.2672,0.80844
1.2804,0.84622
1.3281,0.82018
1.3967,0.84447
1.352,0.7659
1.241,0.74633
1.1918,0.79176
1.2591,0.93972
1.283,0.8983
1.2437,0.85717
1.2451,0.90714
1.1321,0.87551
1.0619,0.86276
1.0686,0.92023
1.0526,0.95767
1.0199,0.94271
1.003,0.88845
1.0027,0.85148
1.0331,0.88082
0.99322,0.83538
1.0375,0.86949
0.96571,0.87228
0.9142,0.88668
0.89011,0.95451
0.90242,0.98123
0.86148,0.94342
0.8424,0.90324
0.82914,0.91318
0.88146,0.96312
1.0141,0.96316
1.1665,0.94326
1.31,0.92492
1.3232,0.87293
1.3629,0.83553
1.4333,0.86864
1.3115,0.73236
1.3078,0.70088
1.3684,0.73812
1.3458,0.73558
1.2694,0.75508
1.2241,0.81898
1.1684,0.78388
1.1681,0.77037
1.2336,0.82655
1.2752,0.84119
1.3851,1.039
1.2685,0.85744
1.2403,0.8045
1.2657,0.84927
1.2755,0.92831
1.246,0.95613
1.1809,0.92099
1.0803,0.79466
1.0862,0.72581
1.1294,0.71718
1.2115,0.76177
1.3103,0.81048
1.2631,0.71555
1.2183,0.66463
1.2163,0.69839
1.274,0.7691
1.3253,0.81962
1.2846,0.81928
1.3021,0.89408
1.2291,0.83199
1.1714,0.77974
1.17,0.76321
1.2504,0.75938
1.3409,0.74159
1.3391,0.72728
1.3846,0.79811
1.4292,0.93165
1.3224,0.90226
1.2634,0.9166
1.1896,0.87223
1.1208,0.79336
1.1039,0.75112
1.1077,0.72792
1.0924,0.67756
1.0707,0.63571
1.0958,0.68465
1.0819,0.65129
1.1004,0.64003
1.1218,0.62944
1.0949,0.62828
1.1069,0.75484
1.0932,0.83097
1.0449,0.84647
1.0542,0.92034
0.94037,0.95186
1.0144,0.79916
1.0956,0.75419
1.1754,0.75527
1.1198,0.66791
1.0552,0.65766
1.0385,0.71454
1.0471,0.83012
0.97506,0.81289
0.92133,0.7858
0.92255,0.75245
0.95665,0.70337
1.006,0.65605
1.1342,0.63409
1.2227,0.65075
1.1948,0.66877
1.1575,0.70394
1.1663,0.73828
1.1799,0.7556
1.1825,0.7731
1.131,0.7793
1.1006,0.7847
1.0732,0.7873
1.0918,0.82562
1.1931,0.83955
1.1982,0.78963
1.1758,0.76992
1.171,0.71635
1.1712,0.65621
1.2223,0.64995
1.3025,0.67293
1.3492,0.676
1.3501,0.71934
1.3484,0.79641
1.2881,0.75268
1.102,0.62322
0.99515,0.60939
0.87548,0.65488
0.77318,0.79468
0.80323,0.66234
0.85859,0.63998
0.89088,0.61222
0.91303,0.58356
1.0257,0.62514
1.1271,0.70435
1.1126,0.73535
1.01,0.74928
0.92248,0.77414
0.85947,0.85371
0.79265,1.0509
0.89572,0.86509
1.0202,0.78919
1.0805,0.65013
1.1656,0.60917
1.2762,0.62851
1.24,0.56124
1.1437,0.5236
1.0984,0.56031
1.0351,0.55212
1.0006,0.56337
0.98989,0.57899
1.029,0.58043
1.101,0.60651
1.1752,0.63156
1.2409,0.61285
1.2253,0.56605
1.2266,0.52896
1.2434,0.52049
1.2842,0.54634
1.326,0.58618
1.2819,0.62523
1.1773,0.60179
1.0813,0.55841
1.0453,0.58104
1.0421,0.64789
1.0804,0.73112
1.1393,0.7831
1.1806,0.82378
1.0787,0.69951
1.0409,0.68523
1.0049,0.66618
1.0027,0.65521
1.0184,0.69
1.0054,0.75266
1.0046,0.79209
1.0351,0.86849
1.0061,0.86081
0.97588,0.84575
0.97533,0.82402
0.95956,0.80959
0.8813,0.76526
0.8135,0.76151
0.7818,0.74149
0.82216,0.75446
0.89203,0.86067
0.9473,0.9696
0.86954,0.91647
0.80216,0.8597
0.84847,0.83374
0.91088,0.82639
0.92109,0.81183
0.94808,0.82416
1.0234,0.85275
1.1249,0.89027
1.1338,0.89961
1.1909,0.94418
1.1501,0.8751
1.1338,0.82797
1.0628,0.70222
1.0003,0.59654
0.93573,0.54412
0.904,0.60909
0.91437,0.7128
0.87698,0.75901
0.88595,0.77216
0.92099,0.81507
0.98526,0.91789
0.98851,0.91061
0.90895,0.80701
0.89687,0.78817
0.89842,0.76915
0.85455,0.69587
0.8347,0.704
0.81089,0.65299
0.84991,0.57168
0.9095,0.51938
1.0025,0.6198
1.028,0.61375
1.0689,0.66141
1.0739,0.62232
1.0658,0.66128
1.0721,0.63932
1.0674,0.64418
1.0173,0.6071
0.98705,0.5506
0.96497,0.52252
0.95536,0.53429
0.98835,0.61803
0.97443,0.70234
1.0012,0.75532
0.99971,0.79406
0.99316,0.8063
0.94912,0.7907
0.85184,0.65146
0.84755,0.58225
0.88541,0.58742
0.98589,0.68378
0.94341,0.67507
0.94008,0.71609
0.96441,0.77189
1.0501,0.8987
1.0868,1.0417
1.1004,1.098
1.0313,1.0058
0.95824,0.8877
0.91161,0.7928
0.91742,0.76112
0.95149,0.72105
1.0687,0.68346
1.0694,0.70103
1.1089,0.80175
1.0907,0.84806
1.0886,0.87538
1.1841,0.97186
1.2394,1.0531
1.2203,1.1047
1.1955,1.0131
1.1713,0.91381
1.1387,0.70915
1.1623,0.60021
1.2147,0.55686
1.2754,0.57743
1.3387,0.62882
1.3541,0.65624
1.3538,0.67056
1.4227,0.75497
1.3555,0.60556
1.3019,0.5739
1.1809,0.60113
1.0891,0.66175
1.0907,0.7906
1.0616,0.86079
1.0344,0.8709
1.0727,0.8916
0.99752,0.87934
0.9424,0.90898
0.90344,0.94786
0.85196,0.97736
0.88096,1.0697
0.85717,0.96681
0.8031,0.96575
0.74331,0.91332
0.73915,0.95654
0.67957,0.95902
0.73167,0.9693
0.75232,1.0471
0.78077,1.1296
0.71883,1.0297
0.7212,0.98181
0.7632,1.0123
0.752,1.0197
0.80096,1.0069
0.82155,0.97942
0.75742,0.93087
0.77911,0.92184
0.83436,0.99401
0.78827,0.97379
0.75853,0.94417
0.82578,0.91481
0.9165,0.92985
1.0244,1.0097
1.0225,0.99022
1.0038,0.90757
1.0803,0.85079
1.1204,0.93011
1.0809,0.98042
0.94998,0.89165
0.90411,0.90204
0.85604,0.88768
0.8208,0.87611
0.81272,0.90107
0.84804,0.96087
0.78947,0.94914
0.72819,0.94772
0.72479,0.91213
0.79231,0.91114
0.81443,0.85754
0.82497,0.78559
0.76004,0.70553
0.71987,0.72635
0.71743,0.79
0.77204,0.95646
0.81049,0.94814
0.89511,0.92505
0.92283,0.90032
0.98942,0.92625
1.0134,0.88497
0.94854,0.85087
0.96929,0.88795
1.02,0.95027
1.0199,0.89046
1.0341,0.87405
0.99406,0.9054
1.0322,0.952
1.0424,0.95308
1.0424,0.90731
0.99215,0.88116
0.96192,0.86229
0.96693,0.84274
1.0007,0.85104
1.0563,0.92383
1.0666,0.86002
1.1748,0.90243
1.1932,0.86073
1.2008,0.8459
1.2268,0.85303
1.1839,0.88028
1.1234,0.92196
1.0525,0.90212
1.0409,0.92538
1.0071,0.86821
1.0585,0.87694
1.1374,0.9657
1.247,0.98835
1.345,0.94813
1.3673,0.89585
1.3707,0.84473
1.375,0.82952
1.4118,0.64489
1.3024,0.74193
1.1987,0.68336
1.1708,0.67919
1.218,0.73388
1.1946,0.73406
1.1855,0.65706
1.1995,0.58571
1.3011,0.5933
1.2941,0.67459
1.2592,0.7237
1.2242,0.75239
1.1772,0.82613
1.2328,0.75102
1.3121,0.68252
1.3649,0.71475
1.2559,0.72366
1.1645,0.75579
1.1321,0.73953
1.1302,0.74541
1.1603,0.78081
1.2025,0.85052
1.2729,0.90991
1.4113,0.89496
1.2958,0.83474
1.1674,0.87958
1.0845,0.95898
1.0515,0.97733
1.1023,1.0861
1.1139,1.0303
1.1382,1.0156
1.1506,0.90702
1.227,0.96596
1.1689,0.8721
1.1202,0.87691
1.0676,0.94013
0.99174,0.99778
0.90502,1.0111
0.90194,1.0032
0.96545,0.99022
1.1496,0.99469
1.2212,0.92834
1.3327,0.86858
1.3634,0.83098
1.3289,0.80744
1.3074,0.7846
1.2175,0.71963
1.1775,0.72735
1.1829,0.74124
1.1561,0.72174
1.1549,0.65471
1.1728,0.62239
1.2463,0.67663
1.3238,0.70936
1.3742,0.7917
1.1873,0.76623
1.1181,0.70815
1.113,0.74502
1.1601,0.84573
1.102,0.84298
1.0479,0.89683
1.0364,0.92038
1.1701,0.69267
1.3038,0.70752
1.2688,0.68355
1.2052,0.64265
1.14,0.60319
1.1348,0.57081
1.1564,0.59941
1.2243,0.58979
1.3069,0.50001
1.4143,0.43515
1.4154,0.36544
1.4945,0.49368
1.5099,0.5315
1.4205,0.53266
1.3978,0.57214
1.3482,0.50455
1.3314,0.46583
1.3708,0.44035
1.4939,0.42419
1.5069,0.40173
1.4785,0.38775
1.4709,0.39887
1.4249,0.40926
1.3296,0.4355
1.2459,0.54502
1.2425,0.64494
1.3226,0.70758
1.3943,0.74381
1.3989,0.63202
1.4637,0.55131
1.5139,0.53157
1.5127,0.48279
1.4713,0.43741
1.4986,0.40683
1.4886,0.33215
1.4485,0.30014
1.454,0.37179
1.4455,0.41005
1.4253,0.43512
1.4363,0.47764
1.4404,0.47019
1.4496,0.45633
1.507,0.46026
1.5743,0.46357
1.5985,0.46777
1.6019,0.56131
1.5741,0.52044
1.6216,0.50547
1.7305,0.48903
1.9147,0.47278
2.1569,0.47667
2.4293,0.52934
2.743,0.6547
2.8287,0.56718
2.9017,0.59365
2.9044,0.66765
2.7414,0.60269
2.5568,0.53679
2.4264,0.51666
2.3611,0.51709
2.3603,0.48748
2.4567,0.50779
2.555,0.55627
2.5169,0.52998
2.4447,0.50779
2.3871,0.48784
2.3551,0.49356
2.3156,0.48569
2.3463,0.50294
2.4167,0.53019
2.5154,0.69446
2.5704,0.71397
2.5704,0.66222
2.5249,0.56916
2.4953,0.63763
2.3685,0.55783
2.3025,0.58636
2.2088,0.71767
2.1385,0.59026
2.1546,0.59502
2.215,0.63912
2.2709,0.71022
2.377,0.67275
2.364,0.66116
2.3431,0.64091
2.3468,0.60484
2.3583,0.57266
2.3475,0.55134
2.3842,0.62481
2.3433,0.58912
2.3456,0.58973
2.4063,0.56357
2.4289,0.62949
2.385,0.67791
2.3497,0.69142
2.3341,0.69592
2.343,0.69799
2.3731,0.69717
2.3837,0.65371
2.3919,0.60281
2.4085,0.58115
2.4539,0.56326
2.495,0.57071
2.4503,0.59557
2.4037,0.59743
2.3749,0.60302
2.3713,0.61616
2.411,0.59926
2.4574,0.57583
2.4732,0.54414
2.4983,0.51309
2.5508,0.5301
2.5284,0.52531
2.533,0.55719
2.5082,0.56006
2.4946,0.56576
2.5128,0.58236
2.4966,0.56402
2.4627,0.52665
2.4353,0.49963
2.4153,0.48124
2.4176,0.47297
2.4224,0.48892
2.418,0.51411
2.4167,0.54261
2.4084,0.54073
2.4478,0.55742
2.4866,0.59269
2.527,0.66125
2.5052,0.62713
2.407,0.52489
2.3641,0.56675
2.296,0.47954
2.2695,0.50198
2.302,0.58305
2.4636,0.72551
2.5276,0.65289
2.5059,0.6195
2.4138,0.57181
2.3629,0.56931
2.3088,0.51606
2.2421,0.49515
2.1809,0.4815
2.1947,0.5051
2.253,0.55893
2.383,0.62908
2.6027,0.80416
2.6897,0.7575
2.6287,0.60562
2.5245,0.50395
2.43,0.46519
2.4002,0.43693
2.4247,0.45406
2.528,0.48516
2.6428,0.52841
2.7576,0.54603
2.9002,0.67879
2.9137,0.67634
2.8188,0.64115
2.5161,0.53921
2.2581,0.56513
1.9951,0.46243
1.805,0.42305
1.6914,0.41851
1.6464,0.43669
1.6661,0.48324
1.7037,0.54175
1.7075,0.56218
1.6791,0.50236
1.6903,0.481
1.7452,0.50464
1.7095,0.45262
1.675,0.4888
1.6478,0.51727
1.6247,0.49252
1.6331,0.45996
1.654,0.40614
1.6368,0.36504
1.5363,0.476
1.4491,0.50015
1.3757,0.5386
1.3575,0.5551
1.3646,0.55372
1.381,0.54973
1.4169,0.54812
1.4603,0.53375
1.5206,0.55063
1.5271,0.48145
1.5225,0.42251
1.4813,0.41934
1.4297,0.40221
1.3873,0.40417
1.3545,0.38678
1.3457,0.38891
1.3974,0.43699
1.4543,0.50741
1.4761,0.54669
1.4566,0.54508
1.4704,0.59053
1.5157,0.71258
1.5013,0.7062
1.4701,0.65253
1.451,0.63288
1.3883,0.61196
1.3531,0.68689
1.3349,0.57541
1.3008,0.57704
1.4272,0.69668
1.3919,0.60761
1.3936,0.60713
1.4665,0.62876
1.4971,0.64336
1.4925,0.67437
1.5253,0.78673
1.5181,0.83787
1.4538,0.7237
1.4064,0.73779
1.3467,0.81744
1.2236,0.84438
1.1834,0.92818
1.1478,1.0491
1.0626,1.2343
1.1386,1.0487
1.1677,0.82894
1.2354,0.72943
1.2974,0.71244
1.2643,0.63852
1.291,0.66019
1.2416,0.65058
1.1768,0.63194
1.1768,0.62328
1.2382,0.69805
1.2788,0.72938
1.2151,0.67668
1.2605,0.81521
1.2312,0.76745
1.2725,0.83321
1.2536,0.81864
1.2409,0.84987
1.2044,0.97813
1.1155,1.0499
1.1193,0.84294
1.0846,0.72989
1.0668,0.69074
1.1247,0.69757
1.2087,0.79702
1.1816,0.79664
1.2241,0.82963
1.2818,0.87645
1.2363,0.81508
1.2878,0.82332
1.2543,0.76592
1.2128,0.65252
1.2632,0.65378
1.2684,0.59861
1.2208,0.62059
1.2258,0.69038
1.1508,0.76341
1.1482,0.86282
1.1752,1.0109
1.1839,1.038
1.2395,1.0662
1.2619,1.0728
1.2389,1.0301
1.1901,1.0044
1.2065,1.0297
1.1524,1.0579
1.1496,1.011
1.0602,0.90527
1.044,0.93628
1.0752,1.057
1.1778,1.2062
1.1697,1.1172
1.1616,1.1514
1.13,1.0485
1.0945,0.98638
1.1,0.96851
1.0923,1.0984
1.0661,1.0332
1.0543,1.0949
1.0047,0.95631
1.0447,0.81965
1.0566,0.93042
1.1847,0.63617
1.3823,0.53317
1.2348,0.60763
